{"Wuhan": [114.2999353, 30.5951051], "Shenzhen, Guangdong": [114.0543297, 22.555454], "Shenzhen": [114.0543297, 22.555454], "Shanghai": [121.4890497, 31.2252985], "Zhejiang": [119.9999999, 29.0000001], "Hangzhou": [120.2052342, 30.2489634], "Tianjin": [117.1980785, 39.1235635], "Chongqing": [106.5492822, 29.5585712], "Sichuan": [102.4999999, 30.5000001], "Male": [-2.2900239, 16.3700359], "Chengdu": [104.0633219, 30.6624205], "Beijing": [116.3912757, 39.906217], "Shandong": [118.9999999, 36.0000001], "Yunnan": [102.0, 25.0], "Jiangxi": [116.0, 28.0], "Macau": [113.5514142, 22.1757605], "Liaoning": [122.9955469, 40.9975197], "Fushun": [123.924157, 41.8692972], "Fujian": [117.842778, 26.5450001], "Guizhou": [107.0, 27.0], "Shanxi": [112.0, 37.0], "Ningxia": [105.9999999, 37.0000001], "Guangxi": [109.0, 24.0], "Beihai": [109.1068061, 21.4799081], "Henan": [113.9999999, 34.0000001], "Weihai": [122.1152599, 37.5120997], "Hebei": [116.0, 39.0000001], "Shijiazhuang": [114.47, 38.04], "Jiangsu": [119.9999999, 33.0000001], "Heilongjiang": [127.999992, 48.0000047], "Mudanjiang": [129.6259558, 44.5498406], "Dazhou": [107.5027564, 31.216036], "Jilin": [125.9816054, 42.9995032], "Changchun": [125.3182578, 43.8882168], "Wuhan, Hubei": [114.2999353, 30.5951051], "Shenyang": [123.4276363, 41.8041094], "Hunan": [-76.8977145, 39.144002], "Changsha": [112.97133, 28.1979483], "Gansu": [101.9999999, 38.0000001], "Lanzhou": [103.8305691, 36.0606904], "Shanxi (\u9655\u897f)": [112.0, 37.0], "Xianyang": [108.7234362, 34.3075655], "Xinjiang": [85.4633464, 42.4804953], "Kunming": [102.714338, 25.0437977], "Hubei": [112.87832224656043, 31.15172525], "Inner Mongolia": [114.3251664, 43.2443242], "Shaanxi": [109.0, 36.0], "Ankang": [108.9912989, 32.7165184], "Lijiang": [100.2356332, 26.8740866], "Huangshi": [115.0670135, 30.2134399], "Hechi, Guangxi": [108.0850638, 24.6929998], "Jingzhou": [112.1880958, 30.3543831], "Tongchuan": [108.9461781, 34.9034852], "Hanzhong": [107.018889, 33.069049], "Xiaogan": [113.9496516, 30.9203436], "Huanggang": [114.8653378, 30.4494243], "Qingdao": [120.3781372, 36.0638034], "Bordeaux": [-0.5800364, 44.841225], "Paris": [2.3514616, 48.8566969], "France": [1.8883335, 46.603354], "Annecy": [6.1288847, 45.8992348], "Amiens": [2.2956951, 49.8941708], "Strasbourg": [7.7507127, 48.584614], "Saint-Mande": [2.4185126, 48.8432633], "Dijon": [5.0414701, 47.3215806], "Lile": [5.2977854, 49.223489], "Lille": [3.0635282, 50.6365654], "Nantes": [-1.5541362, 47.2186371], "Montpellier": [3.8767337, 43.6112422], "Brest": [-4.4860088, 48.3905283], "Lyon": [4.8320114, 45.7578137], "Bois-Guillaume": [1.1200924, 49.4704784], "Munich": [11.5753822, 48.1371079], "Nice": [7.2683912, 43.7009358], "Cannes": [7.0134418, 43.5515198], "Landes": [-0.6433872354467377, 44.00996945], "Pays de la Loire": [-0.8186143, 47.6594864], "Pays": [-149.6133694, -17.632267300000002], "Guadeloupe": [-61.5650444, 16.2490067], "Kanagawa": [139.6271352, 35.4710257], "Tokyo": [37.6326806, 55.7746222], "Aichi Prefecture": [137.254574, 34.9991645], "Nara Prefecture": [135.8816819, 34.2963089], "Hokkaido": [143.33071579283663, 43.4603175], "Osaka Prefecture": [135.490357, 34.6198813], "Mie": [136.5154489, 34.7339685], "Japan": [96.1617495, 16.7776636], "Kyoto": [135.7556075, 35.021041], "Haneda": [139.7466458, 35.5479444], "Chiba Prefecture": [140.2647303, 35.549399], "Chiba": [140.118126, 35.609985], "Saitama": [139.6457957, 35.8616402], "Wakayama Prefecture": [135.5930743, 33.8070292], "Okinawa Prefecture": [128.0255901, 26.5707754], "Sagamihara": [139.236215, 35.56559], "Sapporo": [141.3542924, 43.061936], "Okinawa": [127.8056597, 26.3343738], "Nagoya City": [136.8998438, 35.1851045], "Fukuoka Prefecture": [130.6180016, 33.6251241], "Ishikawa": [140.4468974, 37.1570412], "Saitama Prefecture": [139.4160114, 35.9754168], "Kumamoto City": [130.6341345, 32.6450475], "Kumamoto": [130.6341345, 32.6450475], "Kumamoto Prefecture": [130.6341345, 32.6450475], "Tochigi": [139.733591, 36.3818177], "Nagano Prefecture": [138.0319015, 36.1143945], "Gifu Prefecture": [137.0460777, 35.7867449], "Sagamihara City": [139.37322, 35.571407], "Shizuoka City": [138.38299, 34.979149], "Kochi Prefecture": [133.5606241, 33.6569018], "Niigata City": [138.7669125, 37.6452283], "Sendai City": [140.8691498, 38.2677554], "Sendai": [140.8691498, 38.2677554], "Kitakyushu City": [130.8749015, 33.8829996], "Funabashi City": [139.988668, 35.699997], "Nishimiya City": [139.60166597727195, 35.69233095], "Asakihawa City": [0, 0], "Oita City": [131.4270217, 33.1819875], "Kobe City": [135.1955880186024, 34.68989445], "Yamaguchi Prefecture": [131.5873845, 34.2379614], "Kochi": [133.5394221, 33.5680384], "Ehime": [132.8185275, 33.6013646], "Miyazaki": [131.4204022, 31.9076334], "Asahikawa": [142.3579364, 43.762785], "Nagoya": [136.8998438, 35.1851045], "Osaka": [-111.9545824, 40.6932715], "Shiga Prefecture": [136.109385, 35.247154], "Wakayama": [135.1782181, 34.234617], "Aichi": [-79.8712, 43.2586458], "Tochigi Prefecture": [139.8096549, 36.6782167], "Nagano": [138.0319015, 36.1143945], "Yamanashi": [138.6871263, 35.6928452], "Hyogo": [135.1641816, 34.6677915], "Akita": [140.342608, 39.6898802], "Johor": [103.446608, 2.0119217], "Guangzhou": [113.2592945, 23.1301964], "Langkawi": [99.7928634, 6.3700386], "Malaysia": [102.2656823, 4.5693754], "Kathmandu": [85.3205817, 27.708317], "Singapore": [103.8520359, 1.2904753], "Johor Bahru": [103.7550839, 1.4953041], "South Korea": [127.6961188, 36.638392], "Incheon": [126.7052, 37.456], "Seoul": [126.9782914, 37.5666791], "Taiwan": [120.83536313817521, 23.59829785], "Thailand": [100.83273, 14.8971921], "Washington": [-77.0365708, 38.8949855], "Illinois": [-89.4337288, 40.0796606], "Chicago": [-87.6244212, 41.8755616], "California": [-118.7559974, 36.7014631], "Arizona": [-111.7632755, 34.395342], "Santa Clara": [-121.6846349, 37.2333253], "Massachusetts": [-72.032366, 42.3788774], "University": [-1.251664602208881, 51.7520849], "San Benito": [-121.1177379, 36.6248089], "San Francisco": [-122.4199061, 37.7790262], "Wisconsin": [-89.6884637, 44.4308975], "San Diego": [-117.1627714, 32.7174209], "Texas": [-99.5120986, 31.8160381], "San Antonio": [-98.4951405, 29.4246002], "Napa": [-122.2855293, 38.2971367], "Sacramento": [-121.4943996, 38.5815719], "": [-100.4458825, 39.7837304], "Solano": [-121.9163555, 38.2218938], "Oregon": [-120.737257, 43.9792797], "Rhode Island": [-71.5992372, 41.7962409], "New York": [-74.0060152, 40.7127281], "Florida": [-81.4639835, 27.7567667], "USA": [-100.4458825, 39.7837304], "New Hampshire": [-71.6553992, 43.4849133], "San Mateo": [-122.3330573, 37.496904], "Norfolk County": [-71.1828015, 42.1538607], "Georgia": [-83.1137366, 32.3293809], "Miami": [-80.1936589, 25.7742658], "Manhattan": [-73.9598939, 40.7896239], "Kirkland": [-122.1920249, 47.6859573], "North Carolina": [-79.0392919, 35.6729639], "Seattle": [-122.3300624, 47.6038321], "Los Angeles": [-118.2427666, 34.0536909], "Renton": [-122.2034496, 47.4799078], "Westchester": [-73.7907554, 41.1763139], "Asia": [89.2343748, 51.2086975], "New Jersey": [-74.4041622, 40.0757384], "Bergen": [5.3259192, 60.3943055], "Nevada": [-116.8537227, 39.5158825], "Tennessee": [-86.2820081, 35.7730076], "Boston": [-71.0582912, 42.3602534], "Santa Rosa": [-90.35088183533747, 14.150152349999999], "Nassau": [-77.3383331, 25.0783456], "Colorado": [-105.6077167, 38.7251776], "Summit": [-81.5333603, 41.1457902], "Denver": [-104.9848623, 39.7392364], "Maryland": [-76.9382069, 39.5162234], "Douglas": [-88.2170516, 39.7628415], "Plymouth": [-4.1425658, 50.3712659], "Pennsylvania": [-77.7278831, 40.9699889], "Delaware": [-75.4013315, 38.6920451], "Wayne": [-88.4197678, 38.4251958], "Chatham": [-81.0626008, 31.9668887], "Indiana": [-86.1746933, 40.3270127], "Marion": [-94.344488, 32.7931661], "Rome": [12.4829321, 41.8933203], "Norfolk": [1.0, 52.666667], "Suffolk": [1.0466830312565236, 52.241001350000005], "Camden": [-75.1198911, 39.9448402],